DATE,LEVEL,RAIN
01-03-2000,284,19.9
02-03-2000,261,39.5
03-03-2000,253,61.9
04-03-2000,266,106.3
05-03-2000,264,13.3
06-03-2000,247,18.2
07-03-2000,247,62
08-03-2000,244,25.6
09-03-2000,235,18.2
10-03-2000,236,47.1
11-03-2000,232,18.1
12-03-2000,225,83.5
13-03-2000,230,15.7
14-03-2000,224,41.3
15-03-2000,225,7.2
16-03-2000,221,0.4
17-03-2000,214,5.8
18-03-2000,212,50.6
19-03-2000,216,76.7
20-03-2000,238,21.1
21-03-2000,235,3.7
22-03-2000,216,12.4
23-03-2000,220,112.5
24-03-2000,238,195.6
25-03-2000,339,62.5
26-03-2000,295,15.8
27-03-2000,254,213
28-03-2000,319,1.6
29-03-2000,262,14.4
30-03-2000,255,20
31-03-2000,258,8.6
01-04-2000,239,2.3
02-04-2000,228,0
03-04-2000,221,11
04-04-2000,221,91.3
05-04-2000,243,134.9
06-04-2000,247,37.3
07-04-2000,245,28.6
08-04-2000,252,15.5
09-04-2000,246,5.4
10-04-2000,227,9
11-04-2000,225,34.8
12-04-2000,235,103.9
13-04-2000,276,54.5
14-04-2000,272,25.2
15-04-2000,264,94.3
16-04-2000,271,20.3
17-04-2000,288,98
18-04-2000,276,91.3
19-04-2000,291,11
20-04-2000,263,1.7
21-04-2000,240,6.7
22-04-2000,236,18.4
23-04-2000,260,27.6
24-04-2000,259,15.1
25-04-2000,252,3.7
26-04-2000,237,18
27-04-2000,242,15.9
28-04-2000,233,61.4
29-04-2000,255,27.4
30-04-2000,266,7.2
01-05-2000,243,71.6
02-05-2000,242,17.6
03-05-2000,237,45.3
04-05-2000,276,47.7
05-05-2000,288,28.3
06-05-2000,277,29.6
07-05-2000,270,45.2
08-05-2000,289,13.4
09-05-2000,266,31.5
10-05-2000,267,17.5
11-05-2000,266,10.6
12-05-2000,259,25.1
13-05-2000,276,28.7
14-05-2000,278,35
15-05-2000,270,8.5
16-05-2000,250,24.7
17-05-2000,253,216.9
18-05-2000,339,74.2
19-05-2000,340,27.6
20-05-2000,288,275.1
21-05-2000,372,31.2
22-05-2000,314,64.3
23-05-2000,348,81.2
24-05-2000,333,18.3
25-05-2000,305,31.9
26-05-2000,314,24.8
27-05-2000,300,70.8
28-05-2000,315,32.5
29-05-2000,310,19.6
30-05-2000,299,44.6
31-05-2000,286,33.9
01-06-2000,281,28.9
02-06-2000,276,22
03-06-2000,254,4.2
04-06-2000,245,46.3
05-06-2000,259,3
06-06-2000,241,27.6
07-06-2000,249,10.4
08-06-2000,245,9.5
09-06-2000,245,7.8
10-06-2000,242,19.4
11-06-2000,235,18.7
12-06-2000,233,44.8
13-06-2000,239,1.9
14-06-2000,227,44.9
15-06-2000,224,95.4
16-06-2000,254,78.9
17-06-2000,314,21
18-06-2000,289,16.3
19-06-2000,259,17.4
20-06-2000,237,56.5
21-06-2000,253,27.6
22-06-2000,262,37.3
23-06-2000,308,69.4
24-06-2000,289,244.1
25-06-2000,318,11.7
26-06-2000,269,34.3
27-06-2000,276,31.4
28-06-2000,266,5.3
29-06-2000,247,3.9
30-06-2000,239,17.8
01-07-2000,236,1
02-07-2000,227,12.9
03-07-2000,226,7.5
04-07-2000,237,18.9
05-07-2000,257,10.8
06-07-2000,283,10.3
07-07-2000,261,3.3
08-07-2000,236,2
09-07-2000,225,0
10-07-2000,221,0
11-07-2000,219,2.2
12-07-2000,215,7.1
13-07-2000,221,21.3
14-07-2000,280,15.8
15-07-2000,293,2
16-07-2000,249,4
17-07-2000,228,0.3
18-07-2000,230,38.5
19-07-2000,250,117.9
20-07-2000,259,22.4
21-07-2000,255,33.8
22-07-2000,247,3
23-07-2000,239,1.2
24-07-2000,222,28.5
25-07-2000,228,25
26-07-2000,275,24.7
27-07-2000,322,4
28-07-2000,269,3
29-07-2000,251,10.7
30-07-2000,269,13.6
31-07-2000,306,1.1
01-08-2000,242,2
02-08-2000,232,23.7
03-08-2000,237,57.2
04-08-2000,302,9.4
05-08-2000,269,4
06-08-2000,242,18
07-08-2000,229,10.8
08-08-2000,250,17.2
09-08-2000,246,18.7
10-08-2000,273,19.2
11-08-2000,285,2.9
12-08-2000,252,0
13-08-2000,228,4.3
14-08-2000,220,0.9
15-08-2000,219,49.2
16-08-2000,316,33
17-08-2000,313,12.8
18-08-2000,296,30.9
19-08-2000,285,4.8
20-08-2000,253,2
21-08-2000,235,8.2
22-08-2000,228,20.4
23-08-2000,270,5.4
24-08-2000,266,48.8
25-08-2000,305,81.6
26-08-2000,332,4.7
27-08-2000,260,30.4
28-08-2000,298,18.1
29-08-2000,287,48.6
30-08-2000,295,3.9
31-08-2000,242,42.7
01-09-2000,282,12.7
02-09-2000,247,5.3
03-09-2000,235,25.9
04-09-2000,267,71.1
05-09-2000,280,13.7
06-09-2000,247,53.4
07-09-2000,251,78.9
08-09-2000,247,12.5
09-09-2000,236,28.9
10-09-2000,235,13.5
11-09-2000,228,17.8
12-09-2000,230,4.7
13-09-2000,222,5.4
14-09-2000,220,48.1
15-09-2000,241,14.2
16-09-2000,229,3.8
17-09-2000,226,5.7
18-09-2000,237,14.5
19-09-2000,239,14.2
20-09-2000,237,7.2
21-09-2000,222,22.7
22-09-2000,229,220.6
23-09-2000,247,63.1
24-09-2000,263,32.4
25-09-2000,255,90.2
26-09-2000,314,15.4
27-09-2000,261,46.6
28-09-2000,273,2.8
29-09-2000,239,11.8
30-09-2000,228,22.9
01-10-2000,261,16
02-10-2000,258,36.7
03-10-2000,236,31.9
04-10-2000,227,18.3
05-10-2000,241,15.6
06-10-2000,223,26.8
07-10-2000,219,8.1
08-10-2000,217,37.4
09-10-2000,237,17
10-10-2000,249,15.4
11-10-2000,252,1
12-10-2000,226,15
13-10-2000,215,5.5
14-10-2000,212,18.3
15-10-2000,221,47.1
16-10-2000,244,92.8
17-10-2000,246,9.2
18-10-2000,224,9.3
19-10-2000,227,33.6
20-10-2000,231,33.3
21-10-2000,220,38.4
22-10-2000,234,4
23-10-2000,226,118.7
24-10-2000,245,129.1
25-10-2000,287,104.1
26-10-2000,247,131.8
27-10-2000,262,62.2
28-10-2000,265,5.2
29-10-2000,236,67.9
30-10-2000,247,63
31-10-2000,234,74.1
01-11-2000,270,64.3
02-11-2000,249,34.9
03-11-2000,245,3.7
04-11-2000,225,15.4
05-11-2000,227,24.4
06-11-2000,233,32.4
07-11-2000,237,27.3
08-11-2000,239,24.5
09-11-2000,231,1.4
10-11-2000,231,25.9
11-11-2000,236,57.3
12-11-2000,228,5
13-11-2000,215,13.8
14-11-2000,214,15.8
15-11-2000,231,52.7
16-11-2000,268,17.4
17-11-2000,242,53.4
18-11-2000,286,70.7
19-11-2000,283,82.2
20-11-2000,287,66.5
21-11-2000,265,51.8
22-11-2000,267,37.7
23-11-2000,253,8.6
24-11-2000,236,32.2
25-11-2000,251,0
26-11-2000,235,0.3
27-11-2000,223,0
28-11-2000,218,38.4
29-11-2000,225,3
30-11-2000,225,7.1
01-12-2000,216,8.5
02-12-2000,213,9
03-12-2000,219,49.6
04-12-2000,213,57.4
05-12-2000,213,40.9
06-12-2000,217,29.6
07-12-2000,244,293
08-12-2000,304,26.2
09-12-2000,260,1.3
10-12-2000,229,14
11-12-2000,234,8
12-12-2000,225,80.5
13-12-2000,224,19.8
14-12-2000,217,5.6
15-12-2000,221,24.7
16-12-2000,210,10.4
17-12-2000,211,15.9
18-12-2000,218,46.8
19-12-2000,226,14
20-12-2000,233,21.7
21-12-2000,222,0.5
22-12-2000,211,1
23-12-2000,206,2
24-12-2000,207,16.2
25-12-2000,209,17
26-12-2000,222,7.3
27-12-2000,213,11.1
28-12-2000,212,47.5
29-12-2000,227,86.8
30-12-2000,253,44.2
31-12-2000,251,10.6
01-01-2001,230,2.7
02-01-2001,224,0
03-01-2001,209,0
04-01-2001,204,51.3
05-01-2001,212,155
06-01-2001,253,53.4
07-01-2001,223,1.5
08-01-2001,207,0.1
09-01-2001,201,5.5
10-01-2001,202,106.3
11-01-2001,217,19.1
12-01-2001,206,23.6
13-01-2001,200,26
14-01-2001,202,0
15-01-2001,195,1.5
16-01-2001,193,40.5
17-01-2001,196,29.6
18-01-2001,197,15.3
19-01-2001,201,6
20-01-2001,198,145.9
21-01-2001,207,15
22-01-2001,200,9.2
23-01-2001,207,32.4
24-01-2001,212,2.5
25-01-2001,201,0
26-01-2001,196,0
27-01-2001,192,0
28-01-2001,190,0
29-01-2001,189,0
30-01-2001,187,0
31-01-2001,186,0
01-02-2001,186,0
02-02-2001,186,18
03-02-2001,187,44.7
04-02-2001,198,0
05-02-2001,190,2.1
06-02-2001,188,0
07-02-2001,187,18
08-02-2001,194,13.5
09-02-2001,213,26.6
10-02-2001,218,0
11-02-2001,207,0
12-02-2001,195,0
13-02-2001,190,0
14-02-2001,188,0
15-02-2001,186,0
16-02-2001,184,1
17-02-2001,185,0
18-02-2001,185,0.1
19-02-2001,184,0
20-02-2001,184,134.3
21-02-2001,217,109.3
22-02-2001,243,129.5
23-02-2001,267,129.4
24-02-2001,263,8.7
25-02-2001,230,12
26-02-2001,209,46.7
27-02-2001,238,70.8
28-02-2001,242,205.1
01-03-2001,247,16
02-03-2001,222,32.4
03-03-2001,217,21.2
04-03-2001,216,65.9
05-03-2001,249,41.1
06-03-2001,223,31.7
07-03-2001,220,27.6
08-03-2001,221,16.4
09-03-2001,222,41
10-03-2001,211,2.6
11-03-2001,205,20.8
12-03-2001,199,0
13-03-2001,195,7
14-03-2001,192,157.9
15-03-2001,206,72
16-03-2001,205,59.4
17-03-2001,218,27.8
18-03-2001,207,90.7
19-03-2001,220,27.8
20-03-2001,220,32.4
21-03-2001,234,168.8
22-03-2001,282,77.6
23-03-2001,296,22.4
24-03-2001,248,25.6
25-03-2001,238,6.1
26-03-2001,220,13.3
27-03-2001,212,2.7
28-03-2001,205,32.7
29-03-2001,205,17.8
30-03-2001,216,11.9
31-03-2001,213,5
01-04-2001,204,124.2
02-04-2001,217,12.5
03-04-2001,205,0
04-04-2001,198,4.3
05-04-2001,195,7.4
06-04-2001,195,38.4
07-04-2001,231,51.6
08-04-2001,259,4
09-04-2001,215,4.7
10-04-2001,204,18.9
11-04-2001,205,13.4
12-04-2001,201,52.9
13-04-2001,239,4.3
14-04-2001,226,8.1
15-04-2001,215,10.1
16-04-2001,219,58
17-04-2001,251,32.3
18-04-2001,259,18.5
19-04-2001,222,37.5
20-04-2001,215,65.4
21-04-2001,211,11.4
22-04-2001,205,23
23-04-2001,207,92.7
24-04-2001,268,25.9
25-04-2001,229,27.3
26-04-2001,229,7.4
27-04-2001,239,11.2
28-04-2001,239,8.4
29-04-2001,240,10.6
30-04-2001,229,26.7
01-05-2001,261,3
02-05-2001,239,4.4
03-05-2001,219,14.5
04-05-2001,220,45.9
05-05-2001,257,3.2
06-05-2001,224,8.3
07-05-2001,212,40.1
08-05-2001,228,86.7
09-05-2001,259,152.7
10-05-2001,298,29.6
11-05-2001,256,0
12-05-2001,223,8.4
13-05-2001,213,14
14-05-2001,227,3.3
15-05-2001,213,25
16-05-2001,210,1.1
17-05-2001,204,12
18-05-2001,210,21.5
19-05-2001,231,120.8
20-05-2001,284,17.1
21-05-2001,243,14.4
22-05-2001,242,40.7
23-05-2001,232,37
24-05-2001,232,39.8
25-05-2001,230,18.4
26-05-2001,234,105.7
27-05-2001,240,145.9
28-05-2001,324,18
29-05-2001,273,35.4
30-05-2001,268,59.5
31-05-2001,282,4.7
01-06-2001,254,7.8
02-06-2001,237,104.2
03-06-2001,267,17.8
04-06-2001,255,11.4
05-06-2001,246,26
06-06-2001,251,11.1
07-06-2001,241,28.2
08-06-2001,252,33.9
09-06-2001,259,49.3
10-06-2001,279,82.6
11-06-2001,358,26.4
12-06-2001,291,27.7
13-06-2001,280,9
14-06-2001,261,6.2
15-06-2001,237,2.2
16-06-2001,232,2.1
17-06-2001,221,5.7
18-06-2001,217,27.4
19-06-2001,272,63.9
20-06-2001,350,22.7
21-06-2001,327,3.1
22-06-2001,262,1.2
23-06-2001,236,1.2
24-06-2001,230,2
25-06-2001,235,0
26-06-2001,218,1.3
27-06-2001,240,27.9
28-06-2001,301,58.5
29-06-2001,405,32.3
30-06-2001,323,13.3
01-07-2001,311,21.2
02-07-2001,280,15.9
03-07-2001,283,5
04-07-2001,244,4.3
05-07-2001,239,64.2
06-07-2001,321,38.8
07-07-2001,293,9.4
08-07-2001,249,32.1
09-07-2001,256,6.1
10-07-2001,244,8.4
11-07-2001,243,20.4
12-07-2001,249,5.3
13-07-2001,235,15.6
14-07-2001,250,19.8
15-07-2001,229,38.4
16-07-2001,237,3.4
17-07-2001,228,5.8
18-07-2001,225,22.7
19-07-2001,228,15.9
20-07-2001,248,10.3
21-07-2001,251,15.8
22-07-2001,264,18.2
23-07-2001,274,5
24-07-2001,246,0
25-07-2001,223,0
26-07-2001,214,16.9
27-07-2001,220,5.4
28-07-2001,225,39
29-07-2001,238,2
30-07-2001,221,30.6
31-07-2001,263,12
01-08-2001,249,11.5
02-08-2001,273,23.6
03-08-2001,301,23
04-08-2001,313,26.7
05-08-2001,292,4
06-08-2001,243,0
07-08-2001,224,26.7
08-08-2001,227,16.3
09-08-2001,261,12.2
10-08-2001,247,16.9
11-08-2001,333,25
12-08-2001,310,0
13-08-2001,241,0
14-08-2001,225,0
15-08-2001,217,11.1
16-08-2001,229,14.8
17-08-2001,246,42.2
18-08-2001,278,32.3
19-08-2001,261,4
20-08-2001,235,9.6
21-08-2001,290,61.7
22-08-2001,365,17.8
23-08-2001,289,0
24-08-2001,237,0.4
25-08-2001,222,15.2
26-08-2001,217,6.8
27-08-2001,216,1.2
28-08-2001,210,5
29-08-2001,208,1
30-08-2001,205,0
31-08-2001,202,0.2
01-09-2001,200,1.3
02-09-2001,201,14.8
03-09-2001,219,14.3
04-09-2001,209,25.2
05-09-2001,238,62.1
06-09-2001,322,21.9
07-09-2001,272,1
08-09-2001,226,0.7
09-09-2001,213,76.4
10-09-2001,232,31.1
11-09-2001,242,42.3
12-09-2001,298,7.4
13-09-2001,246,40.4
14-09-2001,286,114.8
15-09-2001,268,3.6
16-09-2001,238,12.5
17-09-2001,234,0
18-09-2001,218,18.6
19-09-2001,215,3.1
20-09-2001,225,2
21-09-2001,215,18.7
22-09-2001,222,5
23-09-2001,213,31.2
24-09-2001,238,15.8
25-09-2001,214,0.1
26-09-2001,206,3
27-09-2001,204,29.9
28-09-2001,256,13
29-09-2001,236,2.5
30-09-2001,219,1.3
01-10-2001,209,0
02-10-2001,202,11.6
03-10-2001,204,16.7
04-10-2001,219,19.7
05-10-2001,230,1.6
06-10-2001,208,3
07-10-2001,203,8.8
08-10-2001,203,0
09-10-2001,198,0
10-10-2001,195,7
11-10-2001,194,4.4
12-10-2001,192,0
13-10-2001,191,7.5
14-10-2001,192,4.4
15-10-2001,193,10.8
16-10-2001,193,180.7
17-10-2001,224,44.7
18-10-2001,217,17.4
19-10-2001,211,33.3
20-10-2001,214,74.1
21-10-2001,221,93.1
22-10-2001,224,113.3
23-10-2001,235,72.8
24-10-2001,251,22.2
25-10-2001,228,3
26-10-2001,213,0.1
27-10-2001,202,6.1
28-10-2001,204,16.3
29-10-2001,201,27.8
30-10-2001,203,95.7
31-10-2001,205,43.9
01-11-2001,201,201.2
02-11-2001,238,6.1
03-11-2001,211,0
04-11-2001,201,0
05-11-2001,195,19.8
06-11-2001,198,55.6
07-11-2001,211,6.6
08-11-2001,201,7.5
09-11-2001,198,12.7
10-11-2001,200,12
11-11-2001,201,25.1
12-11-2001,209,68.7
13-11-2001,225,81.8
14-11-2001,226,99.9
15-11-2001,232,75.6
16-11-2001,221,17.6
17-11-2001,222,2.3
18-11-2001,215,11.1
19-11-2001,222,53.7
20-11-2001,220,69.7
21-11-2001,221,9.2
22-11-2001,221,4.1
23-11-2001,213,27.6
24-11-2001,209,65.6
25-11-2001,205,177.1
26-11-2001,216,85.1
27-11-2001,243,85.6
28-11-2001,269,174.9
29-11-2001,288,17.1
30-11-2001,265,59.2
01-12-2001,268,22.2
02-12-2001,260,24.4
03-12-2001,260,93.1
04-12-2001,272,84.9
05-12-2001,250,20.5
06-12-2001,233,73.6
07-12-2001,226,0
08-12-2001,219,96.1
09-12-2001,245,44.9
10-12-2001,231,19.2
11-12-2001,235,0.4
12-12-2001,222,0.6
13-12-2001,213,70.3
14-12-2001,235,55.8
15-12-2001,217,30.7
16-12-2001,219,24.1
17-12-2001,216,29.5
18-12-2001,235,64.5
19-12-2001,248,47.5
20-12-2001,252,7
21-12-2001,220,16.1
22-12-2001,233,21.3
23-12-2001,224,136.9
24-12-2001,275,7.6
25-12-2001,231,19.8
26-12-2001,223,83.5
27-12-2001,257,25.1
28-12-2001,242,5.4
29-12-2001,230,7.1
30-12-2001,235,32.9
31-12-2001,220,10.1
01-01-2002,208,16.2
02-01-2002,208,8
03-01-2002,201,41.4
04-01-2002,200,18
05-01-2002,198,0
06-01-2002,195,18.7
07-01-2002,201,71.2
08-01-2002,208,116.6
09-01-2002,214,54.4
10-01-2002,217,6.2
11-01-2002,212,61.9
12-01-2002,204,47.9
13-01-2002,222,47.5
14-01-2002,223,33.8
15-01-2002,239,1
16-01-2002,207,33.9
17-01-2002,199,0
18-01-2002,194,0
19-01-2002,191,0
20-01-2002,189,10
21-01-2002,188,13.4
22-01-2002,194,14.2
23-01-2002,190,2.6
24-01-2002,188,5
25-01-2002,189,2
26-01-2002,188,1.5
27-01-2002,187,11.1
28-01-2002,190,0
29-01-2002,190,2.5
30-01-2002,189,1.2
31-01-2002,188,4.8
01-02-2002,190,2
02-02-2002,194,0
03-02-2002,190,47.2
04-02-2002,203,32.2
05-02-2002,234,4.4
06-02-2002,204,10.2
07-02-2002,195,34.7
08-02-2002,190,100.5
09-02-2002,194,15.6
10-02-2002,191,2.6
11-02-2002,188,11.3
12-02-2002,186,10.2
13-02-2002,185,0
14-02-2002,184,6
15-02-2002,184,5.8
16-02-2002,184,2.7
17-02-2002,184,7.3
18-02-2002,184,5.2
19-02-2002,184,14
20-02-2002,184,0
21-02-2002,183,0
22-02-2002,182,2.9
23-02-2002,182,8.3
24-02-2002,181,0.2
25-02-2002,181,21.5
26-02-2002,181,112.2
27-02-2002,183,98.4
28-02-2002,190,9.6
01-03-2002,188,0
02-03-2002,184,1.6
03-03-2002,184,147.8
04-03-2002,185,91.3
05-03-2002,189,19.2
06-03-2002,186,33.7
07-03-2002,184,2
08-03-2002,183,2.2
09-03-2002,183,0
10-03-2002,181,0
11-03-2002,177,9.4
12-03-2002,181,20.1
13-03-2002,185,10.9
14-03-2002,186,21.5
15-03-2002,185,81.5
16-03-2002,209,17.5
17-03-2002,226,44.1
18-03-2002,225,69.4
19-03-2002,244,119.5
20-03-2002,275,181
21-03-2002,306,31.8
22-03-2002,258,139.1
23-03-2002,238,10
24-03-2002,241,13.7
25-03-2002,241,4.9
26-03-2002,212,0
27-03-2002,201,28.9
28-03-2002,207,65.6
29-03-2002,222,128.5
30-03-2002,265,8
31-03-2002,235,2.2
01-04-2002,213,17.8
02-04-2002,238,44.2
03-04-2002,255,24.1
04-04-2002,254,16.1
05-04-2002,230,13.5
06-04-2002,217,128.9
07-04-2002,239,48.8
08-04-2002,259,62.2
09-04-2002,283,10
10-04-2002,237,7.2
11-04-2002,217,1
12-04-2002,219,22
13-04-2002,201,2.6
14-04-2002,201,98.2
15-04-2002,202,25.8
16-04-2002,202,34
17-04-2002,196,29.1
18-04-2002,214,13.1
19-04-2002,219,59.7
20-04-2002,254,8
21-04-2002,260,41.3
22-04-2002,260,18.4
23-04-2002,239,5.5
24-04-2002,218,105.3
25-04-2002,265,109.7
26-04-2002,311,103.9
27-04-2002,310,34.9
28-04-2002,281,314
29-04-2002,315,8.4
30-04-2002,253,110.2
01-05-2002,277,41.3
02-05-2002,291,21.2
03-05-2002,277,5.2
04-05-2002,242,14
05-05-2002,230,2
06-05-2002,222,47.1
07-05-2002,226,4.1
08-05-2002,232,3
09-05-2002,230,20.9
10-05-2002,236,15.4
11-05-2002,259,15.6
12-05-2002,235,32.3
13-05-2002,232,10.7
14-05-2002,234,14.7
15-05-2002,230,6.8
16-05-2002,223,44.6
17-05-2002,255,7.2
18-05-2002,234,18.2
19-05-2002,259,15
20-05-2002,240,126.6
21-05-2002,237,37.4
22-05-2002,237,6
23-05-2002,226,5.5
24-05-2002,221,2
25-05-2002,211,110.9
26-05-2002,271,77
27-05-2002,267,131.3
28-05-2002,283,14.9
29-05-2002,249,57.8
30-05-2002,239,36.6
31-05-2002,281,139.4
01-06-2002,271,13.1
02-06-2002,247,33
03-06-2002,250,82.4
04-06-2002,271,29.1
05-06-2002,261,227.3
06-06-2002,335,64
07-06-2002,324,3.3
08-06-2002,268,70.5
09-06-2002,301,28.3
10-06-2002,282,97.4
11-06-2002,327,34.7
12-06-2002,328,16.8
13-06-2002,271,3
14-06-2002,252,22.4
15-06-2002,260,48
16-06-2002,283,22
17-06-2002,290,5.2
18-06-2002,298,8.8
19-06-2002,268,15.1
20-06-2002,295,15.1
21-06-2002,304,5.4
22-06-2002,286,2
23-06-2002,283,4.1
24-06-2002,321,36
25-06-2002,384,20.7
26-06-2002,337,3
27-06-2002,273,3
28-06-2002,251,7.5
29-06-2002,244,30.9
30-06-2002,297,4.4
01-07-2002,263,24.7
02-07-2002,310,10.9
03-07-2002,286,7.7
04-07-2002,257,15.9
05-07-2002,271,170.7
06-07-2002,292,18.3
07-07-2002,265,12
08-07-2002,253,1
09-07-2002,234,1.6
10-07-2002,225,21.8
11-07-2002,251,16.8
12-07-2002,274,25
13-07-2002,269,1.8
14-07-2002,241,8
15-07-2002,232,24.1
16-07-2002,240,15.1
17-07-2002,242,62.9
18-07-2002,346,21.6
19-07-2002,293,3.7
20-07-2002,246,17
21-07-2002,230,100.6
22-07-2002,238,10.1
23-07-2002,229,2.1
24-07-2002,220,47.5
25-07-2002,232,29
26-07-2002,292,10.9
27-07-2002,265,13
28-07-2002,241,11.7
29-07-2002,287,13.6
30-07-2002,262,47
31-07-2002,263,14.8
01-08-2002,264,2.4
02-08-2002,238,5.5
03-08-2002,238,16.6
04-08-2002,303,3.5
05-08-2002,270,1
06-08-2002,233,21.7
07-08-2002,230,49.4
08-08-2002,293,32.9
09-08-2002,324,3
10-08-2002,270,10.2
11-08-2002,261,8.5
12-08-2002,270,6.9
13-08-2002,254,22.2
14-08-2002,293,18.7
15-08-2002,318,17.3
16-08-2002,333,62.4
17-08-2002,293,9.8
18-08-2002,253,7.2
19-08-2002,243,2.9
20-08-2002,231,23.9
21-08-2002,250,3.2
22-08-2002,232,17.6
23-08-2002,256,13.5
24-08-2002,261,4.2
25-08-2002,240,22.6
26-08-2002,240,30.2
27-08-2002,250,7
28-08-2002,237,51.6
29-08-2002,226,153
30-08-2002,226,26.2
31-08-2002,223,23
01-09-2002,220,30.8
02-09-2002,240,17.9
03-09-2002,292,2.9
04-09-2002,252,0
05-09-2002,226,0
06-09-2002,216,0
07-09-2002,211,0
08-09-2002,208,1.7
09-09-2002,205,0.6
10-09-2002,204,1.5
11-09-2002,210,1
12-09-2002,217,19.2
13-09-2002,206,0
14-09-2002,202,5.2
15-09-2002,201,12.4
16-09-2002,201,10.5
17-09-2002,200,15.8
18-09-2002,200,59.2
19-09-2002,244,32.7
20-09-2002,228,1
21-09-2002,210,0
22-09-2002,203,0
23-09-2002,198,4.4
24-09-2002,199,41.2
25-09-2002,207,47.2
26-09-2002,234,56.3
27-09-2002,241,17.6
28-09-2002,223,8
29-09-2002,228,4
30-09-2002,218,0
01-10-2002,206,0
02-10-2002,200,0
03-10-2002,199,2
04-10-2002,196,2
05-10-2002,194,0.2
06-10-2002,194,5.3
07-10-2002,197,6.1
08-10-2002,194,1.5
09-10-2002,193,0.5
10-10-2002,198,27.4
11-10-2002,195,12.2
12-10-2002,197,24.5
13-10-2002,229,0
14-10-2002,204,17.1
15-10-2002,196,20.3
16-10-2002,203,9
17-10-2002,201,22.7
18-10-2002,217,11.7
19-10-2002,213,2
20-10-2002,204,112.7
21-10-2002,270,36.5
22-10-2002,248,24.7
23-10-2002,241,50.1
24-10-2002,282,32
25-10-2002,240,33.6
26-10-2002,225,229.9
27-10-2002,302,13.3
28-10-2002,247,181
29-10-2002,278,153.1
30-10-2002,290,56.1
31-10-2002,280,74.9
01-11-2002,257,11.6
02-11-2002,245,79.7
03-11-2002,240,36.1
04-11-2002,245,113.3
05-11-2002,240,80.1
06-11-2002,251,14.7
07-11-2002,234,15.8
08-11-2002,243,90.6
09-11-2002,256,64.1
10-11-2002,258,10
11-11-2002,243,5.5
12-11-2002,226,26.2
13-11-2002,225,36.4
14-11-2002,250,29.5
15-11-2002,237,19.7
16-11-2002,255,25.6
17-11-2002,263,3.5
18-11-2002,234,26.1
19-11-2002,225,1.7
20-11-2002,222,5
21-11-2002,213,3.1
22-11-2002,212,1
23-11-2002,209,0
24-11-2002,205,0
25-11-2002,202,13.5
26-11-2002,202,3.8
27-11-2002,202,6.1
28-11-2002,202,2
29-11-2002,200,8.7
30-11-2002,198,12.5
01-12-2002,198,27.6
02-12-2002,201,3
03-12-2002,203,10
04-12-2002,199,9
05-12-2002,196,12
06-12-2002,208,23
07-12-2002,203,29.4
08-12-2002,214,108.4
09-12-2002,218,21.9
10-12-2002,224,15.4
11-12-2002,226,0
12-12-2002,208,0
13-12-2002,199,12.1
14-12-2002,196,63.1
15-12-2002,207,160.1
16-12-2002,270,164.5
17-12-2002,311,94.1
18-12-2002,283,16.3
19-12-2002,258,48.1
20-12-2002,239,123
21-12-2002,272,34.6
22-12-2002,252,0
23-12-2002,223,0
24-12-2002,213,0
25-12-2002,206,1.4
26-12-2002,204,4.5
27-12-2002,204,0
28-12-2002,198,38.2
29-12-2002,197,53.3
30-12-2002,205,0
31-12-2002,200,0
01-01-2003,195,0
02-01-2003,192,0
03-01-2003,190,6.5
04-01-2003,191,5
05-01-2003,189,0
06-01-2003,188,0
07-01-2003,187,0
08-01-2003,186,0
09-01-2003,185,0
10-01-2003,185,0
11-01-2003,184,0
12-01-2003,184,0
13-01-2003,183,5
14-01-2003,183,44
15-01-2003,187,145
16-01-2003,192,21.8
17-01-2003,189,37
18-01-2003,189,127.8
19-01-2003,201,74.5
20-01-2003,222,0.8
21-01-2003,196,0
22-01-2003,189,17.1
23-01-2003,188,23.5
24-01-2003,192,4.5
25-01-2003,193,1
26-01-2003,187,1.3
27-01-2003,185,26
28-01-2003,186,0
29-01-2003,184,2.2
30-01-2003,183,0
31-01-2003,182,163.6
01-02-2003,185,224.9
02-02-2003,194,33.8
03-02-2003,190,0
04-02-2003,186,3
05-02-2003,184,2.1
06-02-2003,184,1.7
07-02-2003,184,0.9
08-02-2003,184,0
09-02-2003,183,0
10-02-2003,182,2.3
11-02-2003,182,5
12-02-2003,184,2
13-02-2003,182,24.3
14-02-2003,183,94.2
15-02-2003,187,6.5
16-02-2003,186,67.5
17-02-2003,200,16.6
18-02-2003,204,65.1
19-02-2003,191,25.7
20-02-2003,197,20.8
21-02-2003,192,11.1
22-02-2003,186,0
23-02-2003,183,4.1
24-02-2003,183,9.5
25-02-2003,196,28.6
26-02-2003,195,109.2
27-02-2003,216,72
28-02-2003,220,64.6
01-03-2003,219,24.1
02-03-2003,208,10.2
03-03-2003,212,11.5
04-03-2003,211,18
05-03-2003,226,0
06-03-2003,206,0
07-03-2003,195,0
08-03-2003,190,0
09-03-2003,187,0
10-03-2003,185,6.4
11-03-2003,184,16
12-03-2003,184,5
13-03-2003,183,11.6
14-03-2003,188,35.5
15-03-2003,192,144.3
16-03-2003,216,126.3
17-03-2003,229,11.8
18-03-2003,204,30.4
19-03-2003,196,3.2
20-03-2003,194,22.1
21-03-2003,206,53.6
22-03-2003,202,25.9
23-03-2003,199,20.3
24-03-2003,206,94.8
25-03-2003,204,180.8
26-03-2003,222,94.4
27-03-2003,266,87
28-03-2003,259,28.5
29-03-2003,234,0.8
30-03-2003,223,29.2
31-03-2003,223,61.8
01-04-2003,212,11.1
02-04-2003,203,6.5
03-04-2003,202,0.6
04-04-2003,200,3.9
05-04-2003,202,1
06-04-2003,198,0.2
07-04-2003,192,0
08-04-2003,189,21
09-04-2003,189,151.2
10-04-2003,195,32.6
11-04-2003,239,3.4
12-04-2003,208,42.1
13-04-2003,232,27
14-04-2003,260,12.5
15-04-2003,230,11.5
16-04-2003,224,92.2
17-04-2003,240,72.4
18-04-2003,245,90.3
19-04-2003,222,98.7
20-04-2003,248,44.9
21-04-2003,242,125.5
22-04-2003,261,24.6
23-04-2003,270,21.1
24-04-2003,277,28.9
25-04-2003,260,13.6
26-04-2003,252,43.3
27-04-2003,250,7.8
28-04-2003,245,7.9
29-04-2003,225,30
30-04-2003,233,12.1
01-05-2003,230,1
02-05-2003,221,5.4
03-05-2003,209,11
04-05-2003,209,3
05-05-2003,212,31.7
06-05-2003,228,10
07-05-2003,219,27.4
08-05-2003,253,27.7
09-05-2003,285,45.8
10-05-2003,306,16.5
11-05-2003,273,39.3
12-05-2003,275,54.9
13-05-2003,298,28.2
14-05-2003,309,10.4
15-05-2003,276,18
16-05-2003,271,19.7
17-05-2003,255,56.3
18-05-2003,325,34.4
19-05-2003,322,36.6
20-05-2003,351,27.2
21-05-2003,302,20
22-05-2003,267,19.4
23-05-2003,260,20.5
24-05-2003,255,6.1
25-05-2003,254,3.4
26-05-2003,242,65
27-05-2003,278,23.5
28-05-2003,259,13.6
29-05-2003,269,42.9
30-05-2003,249,16.3
31-05-2003,250,27.4
01-06-2003,281,37.5
02-06-2003,278,19.1
03-06-2003,268,133.8
04-06-2003,269,79.6
05-06-2003,281,24.2
06-06-2003,279,28.2
07-06-2003,283,4
08-06-2003,242,9.6
09-06-2003,236,4
10-06-2003,229,30.5
11-06-2003,221,15.8
12-06-2003,221,42.7
13-06-2003,235,23
14-06-2003,238,35.9
15-06-2003,255,58.2
16-06-2003,271,30.3
17-06-2003,271,35.4
18-06-2003,282,8.8
19-06-2003,263,37.1
20-06-2003,310,9
21-06-2003,248,16.3
22-06-2003,231,17.2
23-06-2003,235,15.2
24-06-2003,261,19
25-06-2003,253,35.4
26-06-2003,245,9.6
27-06-2003,229,19.7
28-06-2003,234,11.7
29-06-2003,250,16.5
30-06-2003,257,9
01-07-2003,240,5.2
02-07-2003,219,9
03-07-2003,213,33.4
04-07-2003,241,14.8
05-07-2003,253,9.4
06-07-2003,227,7
07-07-2003,216,58.7
08-07-2003,235,27.8
09-07-2003,260,14.9
10-07-2003,233,19.1
11-07-2003,233,23.2
12-07-2003,302,29.3
13-07-2003,326,14.2
14-07-2003,280,11
15-07-2003,232,10
16-07-2003,218,27.8
17-07-2003,265,13.2
18-07-2003,323,13
19-07-2003,258,7.2
20-07-2003,253,10.1
21-07-2003,252,4.2
22-07-2003,243,7.5
23-07-2003,237,9.6
24-07-2003,254,19.5
25-07-2003,286,5.4
26-07-2003,281,8.8
27-07-2003,307,2.6
28-07-2003,262,2.8
29-07-2003,231,21.6
30-07-2003,300,27.7
31-07-2003,349,13.1
01-08-2003,296,1
02-08-2003,252,8.5
03-08-2003,250,4.3
04-08-2003,251,0
05-08-2003,230,5.7
06-08-2003,220,3
07-08-2003,213,7.9
08-08-2003,211,23.1
09-08-2003,227,0
10-08-2003,229,5.1
11-08-2003,233,0
12-08-2003,216,0
13-08-2003,208,5.9
14-08-2003,207,3.1
15-08-2003,225,2.7
16-08-2003,235,9
17-08-2003,212,3.2
18-08-2003,209,0
19-08-2003,205,6
20-08-2003,204,4.4
21-08-2003,201,3.5
22-08-2003,203,4.3
23-08-2003,204,39.2
24-08-2003,208,1
25-08-2003,203,13.2
26-08-2003,200,13.6
27-08-2003,229,28.5
28-08-2003,285,7.1
29-08-2003,277,33.3
30-08-2003,280,0
31-08-2003,235,12
01-09-2003,215,5.2
02-09-2003,215,3.4
03-09-2003,227,0
04-09-2003,209,0.3
05-09-2003,209,0.3
06-09-2003,205,100.7
07-09-2003,242,29.4
08-09-2003,235,35.8
09-09-2003,256,1.8
10-09-2003,225,33.4
11-09-2003,224,13.8
12-09-2003,222,3.8
13-09-2003,228,0.5
14-09-2003,218,6.2
15-09-2003,223,0
16-09-2003,213,3.5
17-09-2003,205,9.6
18-09-2003,261,15
19-09-2003,264,0
20-09-2003,222,0
21-09-2003,212,15.7
22-09-2003,225,8.1
23-09-2003,235,15.6
24-09-2003,237,36.4
25-09-2003,213,15.8
26-09-2003,210,24.1
27-09-2003,206,28.8
28-09-2003,215,65.5
29-09-2003,249,5.3
30-09-2003,240,32.3
01-10-2003,277,6.3
02-10-2003,250,0.1
03-10-2003,218,0
04-10-2003,208,5.9
05-10-2003,206,23.8
06-10-2003,240,35.4
07-10-2003,233,101.9
08-10-2003,271,244.7
09-10-2003,270,149.3
10-10-2003,246,59.6
11-10-2003,236,13
12-10-2003,221,10.2
13-10-2003,227,62.1
14-10-2003,268,31.6
15-10-2003,262,9
16-10-2003,229,2.4
17-10-2003,218,22
18-10-2003,211,6
19-10-2003,210,17
20-10-2003,246,25.9
21-10-2003,275,25.4
22-10-2003,255,7
23-10-2003,223,0
24-10-2003,212,15.4
25-10-2003,210,104.8
26-10-2003,204,57
27-10-2003,211,25.8
28-10-2003,226,81.8
29-10-2003,240,114.1
30-10-2003,270,75.5
31-10-2003,250,57.4
01-11-2003,266,2.7
02-11-2003,232,36.5
03-11-2003,230,53.4
04-11-2003,219,4.2
05-11-2003,210,0.1
06-11-2003,206,17.7
07-11-2003,220,57.2
08-11-2003,242,23.5
09-11-2003,251,7.5
10-11-2003,233,29.1
11-11-2003,239,82.2
12-11-2003,237,41.5
13-11-2003,251,31.2
14-11-2003,228,14
15-11-2003,250,10.2
16-11-2003,232,8
17-11-2003,222,3.6
18-11-2003,209,55.2
19-11-2003,214,116.8
20-11-2003,227,40.3
21-11-2003,245,60.9
22-11-2003,271,52.6
23-11-2003,238,37.6
24-11-2003,235,112.2
25-11-2003,248,38.4
26-11-2003,253,54.9
27-11-2003,238,16.8
28-11-2003,224,16.1
29-11-2003,223,100.4
30-11-2003,234,101.5
01-12-2003,278,119.4
02-12-2003,306,24.5
03-12-2003,263,81.9
04-12-2003,242,1.1
05-12-2003,228,236
06-12-2003,235,34.5
07-12-2003,249,25
08-12-2003,237,3.2
09-12-2003,222,1
10-12-2003,213,7
11-12-2003,211,22.9
12-12-2003,212,149.3
13-12-2003,219,19
14-12-2003,216,24
15-12-2003,219,11.6
16-12-2003,211,17
17-12-2003,205,0.5
18-12-2003,201,11.9
19-12-2003,214,17.7
20-12-2003,238,21.4
21-12-2003,257,9.7
22-12-2003,231,1.5
23-12-2003,218,23
24-12-2003,219,0
25-12-2003,209,6
26-12-2003,204,170.4
27-12-2003,234,35.1
28-12-2003,216,3.9
29-12-2003,209,47
30-12-2003,214,5.3
31-12-2003,208,3.7
01-01-2004,203,1
02-01-2004,200,6.3
03-01-2004,196,10.5
04-01-2004,199,1.7
05-01-2004,198,67.1
06-01-2004,198,187.2
07-01-2004,218,6.3
08-01-2004,207,64.9
09-01-2004,211,71.5
10-01-2004,220,117.6
11-01-2004,219,16.2
12-01-2004,212,3.6
13-01-2004,203,17
14-01-2004,199,2.8
15-01-2004,202,62.9
16-01-2004,235,170.2
17-01-2004,240,1.9
18-01-2004,218,1.5
19-01-2004,206,2.8
20-01-2004,200,6
21-01-2004,196,162.4
22-01-2004,217,67.5
23-01-2004,227,0.4
24-01-2004,206,0
25-01-2004,198,5
26-01-2004,193,0
27-01-2004,190,0
28-01-2004,189,0
29-01-2004,189,0
30-01-2004,188,26.5
31-01-2004,187,1.3
01-02-2004,187,0
02-02-2004,187,0
03-02-2004,187,46.4
04-02-2004,185,0.5
05-02-2004,184,0
06-02-2004,182,0
07-02-2004,182,1.9
08-02-2004,182,0
09-02-2004,182,3
10-02-2004,182,0
11-02-2004,181,0
12-02-2004,180,0
13-02-2004,180,3.1
14-02-2004,180,2.8
15-02-2004,180,23.9
16-02-2004,185,0
17-02-2004,181,0
18-02-2004,179,6
19-02-2004,180,34.9
20-02-2004,186,48.1
21-02-2004,189,42.6
22-02-2004,188,246.9
23-02-2004,235,141
24-02-2004,260,78.6
25-02-2004,241,25.4
26-02-2004,225,16.9
27-02-2004,208,46.4
28-02-2004,214,11.5
29-02-2004,208,7.8
01-03-2004,200,17.7
02-03-2004,209,66.2
03-03-2004,258,4.9
04-03-2004,219,0.8
05-03-2004,204,5
06-03-2004,196,21.5
07-03-2004,195,2.6
08-03-2004,192,4.2
09-03-2004,189,8.4
10-03-2004,187,10
11-03-2004,188,40.1
12-03-2004,223,2
13-03-2004,207,0
14-03-2004,195,3.4
15-03-2004,190,1.9
16-03-2004,187,3.6
17-03-2004,186,0
18-03-2004,184,0
19-03-2004,181,0
20-03-2004,180,0
21-03-2004,179,0
22-03-2004,179,2
23-03-2004,179,36.9
24-03-2004,195,14.3
25-03-2004,203,161.6
26-03-2004,200,66.7
27-03-2004,200,64.6
28-03-2004,220,20.1
29-03-2004,216,16.2
30-03-2004,200,59.3
31-03-2004,199,41.7
01-04-2004,196,135.6
02-04-2004,220,109
03-04-2004,252,64.3
04-04-2004,236,2
05-04-2004,215,1
06-04-2004,202,0
07-04-2004,195,2.3
08-04-2004,190,53.7
09-04-2004,198,74.4
10-04-2004,278,45
11-04-2004,241,39.1
12-04-2004,249,64.6
13-04-2004,228,206.3
14-04-2004,263,48.6
15-04-2004,238,86.5
16-04-2004,250,176.6
17-04-2004,274,109.5
18-04-2004,261,91.7
19-04-2004,250,12.2
20-04-2004,253,89.2
21-04-2004,254,34.2
22-04-2004,240,74.6
23-04-2004,230,84.2
24-04-2004,278,67.6
25-04-2004,279,5.8
26-04-2004,243,14.1
27-04-2004,232,62.3
28-04-2004,245,22.3
29-04-2004,238,4.9
30-04-2004,219,13.5
01-05-2004,219,3
02-05-2004,214,38.7
03-05-2004,220,57.1
04-05-2004,288,40.1
05-05-2004,260,15.8
06-05-2004,254,21.9
07-05-2004,233,18.2
08-05-2004,250,14.8
09-05-2004,279,19.8
10-05-2004,276,2.3
11-05-2004,240,6.1
12-05-2004,222,12.9
13-05-2004,227,2.2
14-05-2004,214,16.6
15-05-2004,226,41.5
16-05-2004,220,30.1
17-05-2004,250,27.2
18-05-2004,259,87.9
19-05-2004,308,32.7
20-05-2004,275,8.5
21-05-2004,244,3.4
22-05-2004,237,24.1
23-05-2004,228,9.9
24-05-2004,230,0
25-05-2004,220,18.1
26-05-2004,214,39.6
27-05-2004,238,108.9
28-05-2004,364,35.1
29-05-2004,271,20.2
30-05-2004,265,67
31-05-2004,261,11.8
01-06-2004,252,21.8
02-06-2004,259,87.2
03-06-2004,357,16.6
04-06-2004,281,79.9
05-06-2004,326,35.7
06-06-2004,296,23.2
07-06-2004,272,17.1
08-06-2004,240,19.6
09-06-2004,245,11.8
10-06-2004,236,11
11-06-2004,289,3.8
12-06-2004,225,48.8
13-06-2004,349,8.1
14-06-2004,278,5.1
15-06-2004,260,37.4
16-06-2004,335,3
17-06-2004,278,3.1
18-06-2004,256,13.6
19-06-2004,285,41.6
20-06-2004,299,13.5
21-06-2004,276,27.7
22-06-2004,286,5.4
23-06-2004,244,5
24-06-2004,231,26.5
25-06-2004,243,9.5
26-06-2004,224,0
27-06-2004,218,33.9
28-06-2004,224,42.6
29-06-2004,296,15.7
30-06-2004,239,12.5
01-07-2004,233,5.5
02-07-2004,232,0.2
03-07-2004,227,6.5
04-07-2004,221,11.2
05-07-2004,234,38.8
06-07-2004,275,2.4
07-07-2004,245,1.7
08-07-2004,227,216.3
09-07-2004,275,5.8
10-07-2004,253,5.1
11-07-2004,239,65.7
12-07-2004,282,27.4
13-07-2004,274,51.4
14-07-2004,278,36.1
15-07-2004,283,2
16-07-2004,254,13.9
17-07-2004,236,14
18-07-2004,249,1
19-07-2004,227,13.4
20-07-2004,232,12.3
21-07-2004,239,25
22-07-2004,243,3.9
23-07-2004,238,5
24-07-2004,228,10.6
25-07-2004,256,6.4
26-07-2004,230,27.8
27-07-2004,256,35.5
28-07-2004,283,24.1
29-07-2004,254,21.6
30-07-2004,270,73.2
31-07-2004,368,41.5
01-08-2004,299,3
02-08-2004,259,1.2
03-08-2004,233,14.4
04-08-2004,246,22.1
05-08-2004,313,8
06-08-2004,262,6.3
07-08-2004,241,25.7
08-08-2004,299,12.1
09-08-2004,269,16
10-08-2004,288,4.4
11-08-2004,271,7
12-08-2004,265,33.6
13-08-2004,298,11.9
14-08-2004,281,8.4
15-08-2004,259,4.5
16-08-2004,245,4.1
17-08-2004,229,2
18-08-2004,233,4
19-08-2004,218,44.5
20-08-2004,283,5.5
21-08-2004,244,0
22-08-2004,254,0
23-08-2004,216,12.9
24-08-2004,217,33.5
25-08-2004,256,4.7
26-08-2004,244,2.5
27-08-2004,224,0
28-08-2004,213,11.8
29-08-2004,213,5
30-08-2004,222,1.2
31-08-2004,224,0
01-09-2004,217,0
02-09-2004,208,0
03-09-2004,203,17
04-09-2004,208,4.2
05-09-2004,217,1
06-09-2004,220,17.8
07-09-2004,211,133.8
08-09-2004,244,20.5
09-09-2004,239,20.2
10-09-2004,259,10.5
11-09-2004,258,2
12-09-2004,222,12
13-09-2004,213,21.9
14-09-2004,256,0
15-09-2004,219,9.3
16-09-2004,211,0
17-09-2004,204,6.5
18-09-2004,205,2.4
19-09-2004,207,18.7
20-09-2004,214,15.6
21-09-2004,206,3.6
22-09-2004,208,5.1
23-09-2004,198,10.2
24-09-2004,200,2.2
25-09-2004,199,11.4
26-09-2004,204,3.3
27-09-2004,208,13
28-09-2004,200,10
29-09-2004,195,36.3
30-09-2004,197,8.3
01-10-2004,196,8.6
02-10-2004,216,0
03-10-2004,204,0
04-10-2004,196,5
05-10-2004,206,46
06-10-2004,232,6
07-10-2004,235,40.9
08-10-2004,261,39.2
09-10-2004,249,22.1
10-10-2004,237,7
11-10-2004,223,57.5
12-10-2004,240,41.2
13-10-2004,240,0.1
14-10-2004,226,19
15-10-2004,225,0
16-10-2004,212,55.1
17-10-2004,209,10.3
18-10-2004,219,88
19-10-2004,226,47.2
20-10-2004,243,49
21-10-2004,288,85.2
22-10-2004,243,87.8
23-10-2004,247,68
24-10-2004,238,42.4
25-10-2004,228,48.8
26-10-2004,223,40.8
27-10-2004,223,37.4
28-10-2004,214,36.1
29-10-2004,223,42.9
30-10-2004,223,45.3
31-10-2004,222,6.4
01-11-2004,216,11.2
02-11-2004,220,22.6
03-11-2004,218,34.1
04-11-2004,217,28.5
05-11-2004,220,79.3
06-11-2004,228,39.3
07-11-2004,246,43.7
08-11-2004,267,12
09-11-2004,259,70.8
10-11-2004,242,10.5
11-11-2004,225,23.4
12-11-2004,214,97.6
13-11-2004,220,116.2
14-11-2004,236,87.8
15-11-2004,256,36.4
16-11-2004,259,61.9
17-11-2004,256,129.1
18-11-2004,288,104.1
19-11-2004,278,96
20-11-2004,267,10.5
21-11-2004,242,0.4
22-11-2004,226,0
23-11-2004,216,0
24-11-2004,210,134.2
25-11-2004,227,70.1
26-11-2004,293,27.2
27-11-2004,259,23
28-11-2004,240,38
29-11-2004,238,62.6
30-11-2004,229,22.4
01-12-2004,215,20.5
02-12-2004,223,12.4
03-12-2004,229,9.7
04-12-2004,229,25.4
05-12-2004,232,8.1
06-12-2004,227,0
07-12-2004,217,2
08-12-2004,212,51.1
09-12-2004,216,121.1
10-12-2004,227,18.9
11-12-2004,227,30.2
12-12-2004,214,71.8
13-12-2004,219,61.5
14-12-2004,229,67.7
15-12-2004,245,93.1
16-12-2004,239,36.6
17-12-2004,228,52
18-12-2004,230,47.8
19-12-2004,225,38.9
20-12-2004,218,46.7
21-12-2004,221,7.9
22-12-2004,210,12.7
23-12-2004,205,44.1
24-12-2004,201,16.5
25-12-2004,200,9
26-12-2004,198,104.7
27-12-2004,221,26.9
28-12-2004,209,49.5
29-12-2004,211,36.8
30-12-2004,210,12.8
31-12-2004,207,8.7
01-01-2005,202,3
02-01-2005,197,80.4
03-01-2005,200,36.2
04-01-2005,203,33.4
05-01-2005,209,17
06-01-2005,208,14.3
07-01-2005,210,0.1
08-01-2005,201,20.2
09-01-2005,201,34.4
10-01-2005,236,2
11-01-2005,216,24.9
12-01-2005,209,36.1
13-01-2005,210,8
14-01-2005,200,69.1
15-01-2005,221,18.9
16-01-2005,204,34.4
17-01-2005,203,13.4
18-01-2005,206,11.5
19-01-2005,202,34.9
20-01-2005,200,25.6
21-01-2005,217,42.6
22-01-2005,208,32.5
23-01-2005,214,19.8
24-01-2005,216,12
25-01-2005,217,6.6
26-01-2005,204,0
27-01-2005,195,0
28-01-2005,191,17.7
29-01-2005,190,60
30-01-2005,190,54.7
31-01-2005,196,12.4
01-02-2005,197,8.5
02-02-2005,193,3
03-02-2005,191,2.3
04-02-2005,189,30.1
05-02-2005,200,15.2
06-02-2005,225,71.5
07-02-2005,240,145.8
08-02-2005,227,46.7
09-02-2005,222,101.8
10-02-2005,261,92.6
11-02-2005,265,361.5
12-02-2005,297,40.9
13-02-2005,277,65.8
14-02-2005,239,56.4
15-02-2005,220,37.1
16-02-2005,212,41
17-02-2005,225,15
18-02-2005,215,2.2
19-02-2005,205,30.3
20-02-2005,201,3
21-02-2005,200,0.2
22-02-2005,195,12.8
23-02-2005,193,0
24-02-2005,191,0
25-02-2005,189,0
26-02-2005,188,0.8
27-02-2005,189,59
28-02-2005,200,78.8
01-03-2005,200,12
02-03-2005,194,21.7
03-03-2005,195,116.6
04-03-2005,203,49
05-03-2005,203,14.2
06-03-2005,202,120
07-03-2005,202,34.2
08-03-2005,202,75.6
09-03-2005,201,175
10-03-2005,200,38.3
11-03-2005,200,105.5
12-03-2005,199,28.7
13-03-2005,198,6
14-03-2005,197,2.3
15-03-2005,195,11
16-03-2005,192,8
17-03-2005,190,98.7
18-03-2005,197,25.5
19-03-2005,197,33.5
20-03-2005,201,21.3
21-03-2005,199,3
22-03-2005,197,6.6
23-03-2005,191,33.7
24-03-2005,195,72.9
25-03-2005,227,6.1
26-03-2005,212,38.1
27-03-2005,210,33.5
28-03-2005,207,32.6
29-03-2005,204,26.7
30-03-2005,210,159.2
31-03-2005,222,5.9
01-04-2005,205,6
02-04-2005,197,16.1
03-04-2005,197,57.1
04-04-2005,229,13.2
05-04-2005,224,63.4
06-04-2005,228,35.1
07-04-2005,254,34.6
08-04-2005,301,74.6
09-04-2005,294,39
10-04-2005,273,9.4
11-04-2005,252,7.1
12-04-2005,225,5.4
13-04-2005,245,27.8
14-04-2005,271,12.4
15-04-2005,247,2
16-04-2005,249,9.7
17-04-2005,228,34.1
18-04-2005,265,1
19-04-2005,228,28
20-04-2005,213,142.3
21-04-2005,243,26.4
22-04-2005,234,59.4
23-04-2005,233,80.5
24-04-2005,253,52.3
25-04-2005,275,128.1
26-04-2005,273,140.3
27-04-2005,283,2.7
28-04-2005,255,71.6
29-04-2005,233,93.9
30-04-2005,236,28.5
01-05-2005,242,1.1
02-05-2005,220,49.7
03-05-2005,216,39.2
04-05-2005,236,33.7
05-05-2005,245,21
06-05-2005,250,9.5
07-05-2005,229,10.2
08-05-2005,215,7.9
09-05-2005,208,17.7
10-05-2005,218,11.7
11-05-2005,229,18.1
12-05-2005,253,18.3
13-05-2005,270,9.1
14-05-2005,245,19.8
15-05-2005,259,89.1
16-05-2005,330,9.6
17-05-2005,270,59.7
18-05-2005,263,102.1
19-05-2005,265,1.3
20-05-2005,232,14.3
21-05-2005,220,8.3
22-05-2005,211,37.5
23-05-2005,222,36.5
24-05-2005,213,0.3
25-05-2005,210,15.3
26-05-2005,204,37.9
27-05-2005,217,66.3
28-05-2005,241,16.2
29-05-2005,253,4.8
30-05-2005,224,65.7
31-05-2005,269,57.3
01-06-2005,294,17.5
02-06-2005,259,25.5
03-06-2005,238,13.3
04-06-2005,233,35.4
05-06-2005,274,57.5
06-06-2005,327,6.1
07-06-2005,276,4.3
08-06-2005,236,14
09-06-2005,227,5
10-06-2005,230,4.7
11-06-2005,223,7.2
12-06-2005,224,6.7
13-06-2005,215,1.6
14-06-2005,208,17.8
15-06-2005,206,4.5
16-06-2005,213,6.1
17-06-2005,209,3.9
18-06-2005,206,12.9
19-06-2005,204,9.5
20-06-2005,215,75
21-06-2005,260,10.9
22-06-2005,251,15.9
23-06-2005,242,24.8
24-06-2005,260,1
25-06-2005,240,0
26-06-2005,228,7
27-06-2005,210,0
28-06-2005,208,69.2
29-06-2005,213,39.2
30-06-2005,269,7.3
01-07-2005,250,7.6
02-07-2005,225,16.4
03-07-2005,219,1
04-07-2005,209,5.4
05-07-2005,209,28.9
06-07-2005,210,15
07-07-2005,223,36.7
08-07-2005,256,3
09-07-2005,263,0
10-07-2005,223,0
11-07-2005,208,0
12-07-2005,202,0
13-07-2005,199,0
14-07-2005,196,61.6
15-07-2005,200,9.3
16-07-2005,202,54.4
17-07-2005,241,35.3
18-07-2005,231,18.4
19-07-2005,241,28.3
20-07-2005,296,19.8
21-07-2005,298,4.5
22-07-2005,233,8.3
23-07-2005,250,1.9
24-07-2005,226,9.4
25-07-2005,234,4.3
26-07-2005,244,28.5
27-07-2005,268,30.9
28-07-2005,311,23.2
29-07-2005,299,6.9
30-07-2005,271,19.4
31-07-2005,288,13.4
01-08-2005,279,20.2
02-08-2005,254,44.9
03-08-2005,292,3.4
04-08-2005,264,17.2
05-08-2005,281,2.1
06-08-2005,242,4
07-08-2005,222,15.5
08-08-2005,228,41.6
09-08-2005,288,6.2
10-08-2005,288,15.2
11-08-2005,279,0.1
12-08-2005,273,0
13-08-2005,232,4.2
14-08-2005,224,1.4
15-08-2005,219,16.1
16-08-2005,225,14.7
17-08-2005,274,8.9
18-08-2005,254,24.5
19-08-2005,273,23.2
20-08-2005,306,3
21-08-2005,248,1.3
22-08-2005,231,191.4
23-08-2005,235,65.7
24-08-2005,254,28.6
25-08-2005,273,1
26-08-2005,237,3
27-08-2005,221,5.2
28-08-2005,213,32.4
29-08-2005,214,18.4
30-08-2005,215,46.6
31-08-2005,213,24.1
01-09-2005,219,2.1
02-09-2005,210,38.9
03-09-2005,227,0
04-09-2005,237,0
05-09-2005,218,19.9
06-09-2005,224,19.2
07-09-2005,249,11.7
08-09-2005,273,18.4
09-09-2005,259,3.2
10-09-2005,249,0.1
11-09-2005,224,7.7
12-09-2005,216,2
13-09-2005,209,18.6
14-09-2005,210,1.6
15-09-2005,209,15.4
16-09-2005,208,5.1
17-09-2005,208,1
18-09-2005,209,0
19-09-2005,209,15.7
20-09-2005,210,12
21-09-2005,210,16.9
22-09-2005,211,14.9
23-09-2005,212,50.4
24-09-2005,229,14.3
25-09-2005,224,84.1
26-09-2005,222,224.3
27-09-2005,243,78.7
28-09-2005,292,26.2
29-09-2005,285,62.3
30-09-2005,248,0
01-10-2005,226,10.6
02-10-2005,224,5.2
03-10-2005,214,24.5
04-10-2005,221,78.4
05-10-2005,227,21.7
06-10-2005,223,32.5
07-10-2005,234,11.7
08-10-2005,242,3
09-10-2005,221,4.4
10-10-2005,210,41
11-10-2005,228,70.8
12-10-2005,233,32.2
13-10-2005,216,26.5
14-10-2005,211,85.3
15-10-2005,209,12
16-10-2005,209,48.6
17-10-2005,230,35.3
18-10-2005,242,8.5
19-10-2005,231,25.2
20-10-2005,224,56.4
21-10-2005,234,39.3
22-10-2005,229,134.9
23-10-2005,237,164.4
24-10-2005,246,128.8
25-10-2005,265,33.6
26-10-2005,283,86.9
27-10-2005,246,32.3
28-10-2005,239,55.5
29-10-2005,232,16.9
30-10-2005,241,115.8
31-10-2005,244,16.1
01-11-2005,235,9.9
02-11-2005,236,11.9
03-11-2005,232,5
04-11-2005,224,14.2
05-11-2005,237,51.7
06-11-2005,231,44
07-11-2005,257,13.9
08-11-2005,253,95.8
09-11-2005,286,9.6
10-11-2005,260,19
11-11-2005,237,117.2
12-11-2005,270,231.4
13-11-2005,257,33.9
14-11-2005,264,74
15-11-2005,250,43.6
16-11-2005,235,24.4
17-11-2005,221,9.2
18-11-2005,216,2.4
19-11-2005,220,14.9
20-11-2005,231,33
21-11-2005,228,172.2
22-11-2005,282,11.4
23-11-2005,252,50.3
24-11-2005,227,2.6
25-11-2005,214,4.3
26-11-2005,215,21.9
27-11-2005,213,82
28-11-2005,213,17.5
29-11-2005,210,0
30-11-2005,204,4
01-12-2005,207,39.4
02-12-2005,222,82.3
03-12-2005,226,80.1
04-12-2005,212,52.9
05-12-2005,213,166.8
06-12-2005,261,14.8
07-12-2005,242,160.5
08-12-2005,256,111.6
09-12-2005,256,5.8
10-12-2005,228,0
11-12-2005,215,13.3
12-12-2005,218,43.2
13-12-2005,227,171.4
14-12-2005,230,25.2
15-12-2005,242,88.4
16-12-2005,250,74.1
17-12-2005,265,41.6
18-12-2005,237,104.7
19-12-2005,242,97.7
20-12-2005,265,47.2
21-12-2005,256,53.3
22-12-2005,253,90.8
23-12-2005,258,37.5
24-12-2005,256,22.2
25-12-2005,246,65.7
26-12-2005,246,38.5
27-12-2005,242,9
28-12-2005,226,0.5
29-12-2005,217,0
30-12-2005,212,0
31-12-2005,280,0
01-01-2006,240,46.3
02-01-2006,299,66.5
03-01-2006,215,76.6
04-01-2006,218,48.5
05-01-2006,212,60.5
06-01-2006,234,132
07-01-2006,294,83.7
08-01-2006,277,43.8
09-01-2006,277,32.5
10-01-2006,237,19.7
11-01-2006,228,136.4
12-01-2006,255,20.8
13-01-2006,242,0
14-01-2006,222,22.5
15-01-2006,224,107
16-01-2006,278,45.5
17-01-2006,247,46.9
18-01-2006,230,70.9
19-01-2006,225,17.6
20-01-2006,219,4
21-01-2006,221,3
22-01-2006,211,0.1
23-01-2006,208,0.6
24-01-2006,206,1
25-01-2006,204,0.6
26-01-2006,203,25.8
27-01-2006,207,72.5
28-01-2006,289,25.3
29-01-2006,240,9.7
30-01-2006,240,21.9
31-01-2006,240,49.8
01-02-2006,250,36.1
02-02-2006,258,18.9
03-02-2006,250,31.4
04-02-2006,242,131.4
05-02-2006,267,71.7
06-02-2006,272,24.5
07-02-2006,244,39.5
08-02-2006,252,29.7
09-02-2006,245,36.8
10-02-2006,237,18.4
11-02-2006,217,0
12-02-2006,211,92
13-02-2006,208,70.6
14-02-2006,220,0.5
15-02-2006,210,0
16-02-2006,204,0
17-02-2006,200,0.4
18-02-2006,198,2.9
19-02-2006,202,53.1
20-02-2006,201,37
21-02-2006,204,17.2
22-02-2006,204,7.9
23-02-2006,200,2
24-02-2006,197,5
25-02-2006,197,16.5
26-02-2006,197,15.2
27-02-2006,195,200.3
28-02-2006,225,26.3
01-03-2006,210,0
02-03-2006,200,6
03-03-2006,195,34.8
04-03-2006,200,6
05-03-2006,195,31.8
06-03-2006,198,38
07-03-2006,201,82.2
08-03-2006,247,117.6
09-03-2006,268,139.1
10-03-2006,300,27.6
11-03-2006,268,32
12-03-2006,229,156.2
13-03-2006,265,67
14-03-2006,246,173.3
15-03-2006,263,20.6
16-03-2006,246,9.7
17-03-2006,224,148.6
18-03-2006,254,120.1
19-03-2006,282,15.2
20-03-2006,247,77.9
21-03-2006,262,4
22-03-2006,241,33.5
23-03-2006,255,65
24-03-2006,246,42.1
25-03-2006,258,115.6
26-03-2006,288,13.5
27-03-2006,252,42.2
28-03-2006,260,6
29-03-2006,252,3
30-03-2006,227,6.4
31-03-2006,219,97.9
01-04-2006,223,44
02-04-2006,232,16.5
03-04-2006,219,74.4
04-04-2006,239,220.2
05-04-2006,270,102.2
06-04-2006,316,101.7
07-04-2006,300,80.3
08-04-2006,276,5.8
09-04-2006,242,56.5
10-04-2006,251,38.1
11-04-2006,244,132.3
12-04-2006,246,208.9
13-04-2006,298,61.4
14-04-2006,261,34.4
15-04-2006,250,20.9
16-04-2006,239,25.9
17-04-2006,257,35.9
18-04-2006,270,25.1
19-04-2006,261,48.2
20-04-2006,264,47.6
21-04-2006,248,18.4
22-04-2006,237,9
23-04-2006,232,65.7
24-04-2006,303,24.1
25-04-2006,279,11.2
26-04-2006,259,142.7
27-04-2006,314,99.8
28-04-2006,281,85.6
29-04-2006,261,40.5
30-04-2006,258,3
01-05-2006,279,20.1
02-05-2006,273,29.6
03-05-2006,362,5
04-05-2006,417,6
05-05-2006,278,27.5
06-05-2006,292,6.9
07-05-2006,271,89.8
08-05-2006,248,43.8
09-05-2006,238,11
10-05-2006,232,16.3
11-05-2006,228,23
12-05-2006,236,0.1
13-05-2006,231,1.3
14-05-2006,256,0
15-05-2006,271,0
16-05-2006,309,4
17-05-2006,240,0.1
18-05-2006,239,8
19-05-2006,241,0
20-05-2006,232,13.4
21-05-2006,227,69.6
22-05-2006,246,2
23-05-2006,285,20.3
24-05-2006,269,14.3
25-05-2006,273,8.4
26-05-2006,253,14.6
27-05-2006,229,22.4
28-05-2006,260,9.7
29-05-2006,264,13.7
30-05-2006,275,7.3
31-05-2006,235,12.8
01-06-2006,237,49.8
02-06-2006,279,18
03-06-2006,254,16.5
04-06-2006,233,93.9
05-06-2006,254,155.9
06-06-2006,393,77.5
07-06-2006,295,51.2
08-06-2006,284,37.4
09-06-2006,282,37.7
10-06-2006,278,128.1
11-06-2006,266,91.5
12-06-2006,283,17.8
13-06-2006,269,35.9
14-06-2006,249,5.1
15-06-2006,247,8.1
16-06-2006,247,44.6
17-06-2006,323,36
18-06-2006,368,19
19-06-2006,302,5
20-06-2006,265,4
21-06-2006,256,68.3
22-06-2006,318,90.5
23-06-2006,365,23.2
24-06-2006,288,1
25-06-2006,245,0
26-06-2006,231,10
27-06-2006,230,48.1
28-06-2006,321,16.3
29-06-2006,286,14.9
30-06-2006,277,11.2
01-07-2006,279,21.1
02-07-2006,273,42.8
03-07-2006,362,62.3
04-07-2006,412,12
05-07-2006,278,6.1
06-07-2006,292,9.6
07-07-2006,271,2
08-07-2006,248,15.8
09-07-2006,238,4.1
10-07-2006,232,3.3
11-07-2006,228,5.8
12-07-2006,236,15
13-07-2006,231,56.2
14-07-2006,256,57.1
15-07-2006,271,20
16-07-2006,294,2.2
17-07-2006,240,5.3
18-07-2006,239,4.1
19-07-2006,241,9.2
20-07-2006,232,3.6
21-07-2006,227,9.7
22-07-2006,246,44.2
23-07-2006,285,42.2
24-07-2006,269,46
25-07-2006,273,17.9
26-07-2006,253,5
27-07-2006,229,165
28-07-2006,260,29.9
29-07-2006,259,50.4
30-07-2006,275,3.3
31-07-2006,235,0
